0,Drifting Towards Purpose,Treasure Island,The War of the Worlds,The Raven,A Little Journey
1,Security-Breach.mp3,Pirates.mp3,Monster-Stake-Out_Looping.mp3,Nightmare-Freeway_Looping.mp3,Secret-Journey_Looping.mp3
2,Security-Breach.mp3,Pirates.mp3,Monster-Stake-Out_Looping.mp3,Nightmare-Freeway_Looping.mp3,Secret-Journey_Looping.mp3
3,Security-Breach.mp3,Pirates.mp3,Monster-Stake-Out_Looping.mp3,Nightmare-Freeway_Looping.mp3,Secret-Journey_Looping.mp3
4,Theyre-Here_Looping.mp3,Pirates.mp3,Monster-Stake-Out_Looping.mp3,Nightmare-Freeway_Looping.mp3,Secret-Journey_Looping.mp
5,Theyre-Here_Looping.mp3,Pirates.mp3,Monster-Stake-Out_Looping.mp3,Nightmare-Freeway_Looping.mp3,Secret-Journey_Looping.mp
6,Theyre-Here_Looping.mp3,Pirates.mp3,Monster-Stake-Out_Looping.mp3,Nightmare-Freeway_Looping.mp3,Secret-Journey_Looping.mp
7,Cold-Moon.mp3,Pirates.mp3,Monster-Stake-Out_Looping.mp3,Nightmare-Freeway_Looping.mp3,Secret-Journey_Looping.mp
8,Cold-Moon.mp3,Pirates.mp3,Monster-Stake-Out_Looping.mp3,Nightmare-Freeway_Looping.mp3,Secret-Journey_Looping.mp
9,Cold-Moon.mp3,Pirates.mp3,Monster-Stake-Out_Looping.mp3,Nightmare-Freeway_Looping.mp3,Secret-Journey_Looping.mp
10,Light-Years_v001.mp3,Pirates.mp3,Monster-Stake-Out_Looping.mp3,Nightmare-Freeway_Looping.mp3,Secret-Journey_Looping.mp
11,Light-Years_v001.mp3,Pirates.mp3,Monster-Stake-Out_Looping.mp3,Nightmare-Freeway_Looping.mp3,Secret-Journey_Looping.mp
12,Light-Years_v001.mp3,Pirates.mp3,Monster-Stake-Out_Looping.mp3,Nightmare-Freeway_Looping.mp3,Secret-Journey_Looping.mp
13,System-Failure-on-Europa.mp3,Pirates.mp3,Monster-Stake-Out_Looping.mp3,Nightmare-Freeway_Looping.mp3,Secret-Journey_Looping.mp
14,System-Failure-on-Europa.mp3,Pirates.mp3,Monster-Stake-Out_Looping.mp3,Nightmare-Freeway_Looping.mp3,Secret-Journey_Looping.mp
15,System-Failure-on-Europa.mp3,Pirates.mp3,Monster-Stake-Out_Looping.mp3,Nightmare-Freeway_Looping.mp3,Secret-Journey_Looping.mp
16,System-Failure-on-Europa.mp3,Pirates.mp3,Monster-Stake-Out_Looping.mp3,Nightmare-Freeway_Looping.mp3,Secret-Journey_Looping.mp
17,System-Failure-on-Europa.mp3,Pirates.mp3,Monster-Stake-Out_Looping.mp3,Nightmare-Freeway_Looping.mp3,Secret-Journey_Looping.mp
18,System-Failure-on-Europa.mp3,Pirates.mp3,Monster-Stake-Out_Looping.mp3,Nightmare-Freeway_Looping.mp3,Secret-Journey_Looping.mp
19,System-Failure-on-Europa.mp3,Pirates.mp3,Monster-Stake-Out_Looping.mp3,Nightmare-Freeway_Looping.mp3,Secret-Journey_Looping.mp
20,System-Failure-on-Europa.mp3,Pirates.mp3,Monster-Stake-Out_Looping.mp3,Nightmare-Freeway_Looping.mp3,Secret-Journey_Looping.mp
22,System-Failure-on-Europa.mp3,Pirates.mp3,Monster-Stake-Out_Looping.mp3,Nightmare-Freeway_Looping.mp3,Secret-Journey_Looping.mp


